REM INSERTING into EMP_PREFERENCE_TB
SET DEFINE OFF;
Insert into EMP_PREFERENCE_TB (EMPLOYEE_ID,PREFERENCE_ID,VALUE,PRIORITY,TEMP_HARD_CONSTRAINT) values (1,'P_1','19-07-21',2,null);
Insert into EMP_PREFERENCE_TB (EMPLOYEE_ID,PREFERENCE_ID,VALUE,PRIORITY,TEMP_HARD_CONSTRAINT) values (2,'P_1','20-07-21',2,null);
Insert into EMP_PREFERENCE_TB (EMPLOYEE_ID,PREFERENCE_ID,VALUE,PRIORITY,TEMP_HARD_CONSTRAINT) values (3,'P_1','21-07-21',2,null);
Insert into EMP_PREFERENCE_TB (EMPLOYEE_ID,PREFERENCE_ID,VALUE,PRIORITY,TEMP_HARD_CONSTRAINT) values (4,'P_1','22-07-21',2,null);
Insert into EMP_PREFERENCE_TB (EMPLOYEE_ID,PREFERENCE_ID,VALUE,PRIORITY,TEMP_HARD_CONSTRAINT) values (5,'P_1','23-07-21',2,null);
Insert into EMP_PREFERENCE_TB (EMPLOYEE_ID,PREFERENCE_ID,VALUE,PRIORITY,TEMP_HARD_CONSTRAINT) values (6,'P_1','19-07-21',2,null);
Insert into EMP_PREFERENCE_TB (EMPLOYEE_ID,PREFERENCE_ID,VALUE,PRIORITY,TEMP_HARD_CONSTRAINT) values (7,'P_1','20-07-21',2,null);
Insert into EMP_PREFERENCE_TB (EMPLOYEE_ID,PREFERENCE_ID,VALUE,PRIORITY,TEMP_HARD_CONSTRAINT) values (8,'P_1','21-07-21',2,null);
Insert into EMP_PREFERENCE_TB (EMPLOYEE_ID,PREFERENCE_ID,VALUE,PRIORITY,TEMP_HARD_CONSTRAINT) values (9,'P_1','22-07-21',2,null);
Insert into EMP_PREFERENCE_TB (EMPLOYEE_ID,PREFERENCE_ID,VALUE,PRIORITY,TEMP_HARD_CONSTRAINT) values (10,'P_1','23-07-21',2,null);
Insert into EMP_PREFERENCE_TB (EMPLOYEE_ID,PREFERENCE_ID,VALUE,PRIORITY,TEMP_HARD_CONSTRAINT) values (11,'P_1','19-07-21',2,null);
Insert into EMP_PREFERENCE_TB (EMPLOYEE_ID,PREFERENCE_ID,VALUE,PRIORITY,TEMP_HARD_CONSTRAINT) values (12,'P_1','20-07-21',2,null);
Insert into EMP_PREFERENCE_TB (EMPLOYEE_ID,PREFERENCE_ID,VALUE,PRIORITY,TEMP_HARD_CONSTRAINT) values (13,'P_1','21-07-21',2,null);
Insert into EMP_PREFERENCE_TB (EMPLOYEE_ID,PREFERENCE_ID,VALUE,PRIORITY,TEMP_HARD_CONSTRAINT) values (14,'P_1','22-07-21',2,null);
Insert into EMP_PREFERENCE_TB (EMPLOYEE_ID,PREFERENCE_ID,VALUE,PRIORITY,TEMP_HARD_CONSTRAINT) values (15,'P_1','23-07-21',2,null);
Insert into EMP_PREFERENCE_TB (EMPLOYEE_ID,PREFERENCE_ID,VALUE,PRIORITY,TEMP_HARD_CONSTRAINT) values (16,'P_1','19-07-21',2,null);
Insert into EMP_PREFERENCE_TB (EMPLOYEE_ID,PREFERENCE_ID,VALUE,PRIORITY,TEMP_HARD_CONSTRAINT) values (17,'P_1','20-07-21',2,null);
Insert into EMP_PREFERENCE_TB (EMPLOYEE_ID,PREFERENCE_ID,VALUE,PRIORITY,TEMP_HARD_CONSTRAINT) values (18,'P_1','21-07-21',2,null);
Insert into EMP_PREFERENCE_TB (EMPLOYEE_ID,PREFERENCE_ID,VALUE,PRIORITY,TEMP_HARD_CONSTRAINT) values (19,'P_1','22-07-21',2,null);
Insert into EMP_PREFERENCE_TB (EMPLOYEE_ID,PREFERENCE_ID,VALUE,PRIORITY,TEMP_HARD_CONSTRAINT) values (20,'P_1','23-07-21',2,null);
Insert into EMP_PREFERENCE_TB (EMPLOYEE_ID,PREFERENCE_ID,VALUE,PRIORITY,TEMP_HARD_CONSTRAINT) values (21,'P_1','19-07-21',2,null);
Insert into EMP_PREFERENCE_TB (EMPLOYEE_ID,PREFERENCE_ID,VALUE,PRIORITY,TEMP_HARD_CONSTRAINT) values (22,'P_1','20-07-21',2,null);
Insert into EMP_PREFERENCE_TB (EMPLOYEE_ID,PREFERENCE_ID,VALUE,PRIORITY,TEMP_HARD_CONSTRAINT) values (23,'P_1','21-07-21',2,null);
Insert into EMP_PREFERENCE_TB (EMPLOYEE_ID,PREFERENCE_ID,VALUE,PRIORITY,TEMP_HARD_CONSTRAINT) values (24,'P_1','22-07-21',2,null);
Insert into EMP_PREFERENCE_TB (EMPLOYEE_ID,PREFERENCE_ID,VALUE,PRIORITY,TEMP_HARD_CONSTRAINT) values (25,'P_1','23-07-21',2,'Y');
Insert into EMP_PREFERENCE_TB (EMPLOYEE_ID,PREFERENCE_ID,VALUE,PRIORITY,TEMP_HARD_CONSTRAINT) values (26,'P_1','19-07-21',3,null);
Insert into EMP_PREFERENCE_TB (EMPLOYEE_ID,PREFERENCE_ID,VALUE,PRIORITY,TEMP_HARD_CONSTRAINT) values (27,'P_1','20-07-21',3,null);
Insert into EMP_PREFERENCE_TB (EMPLOYEE_ID,PREFERENCE_ID,VALUE,PRIORITY,TEMP_HARD_CONSTRAINT) values (28,'P_1','21-07-21',3,null);
Insert into EMP_PREFERENCE_TB (EMPLOYEE_ID,PREFERENCE_ID,VALUE,PRIORITY,TEMP_HARD_CONSTRAINT) values (29,'P_1','22-07-21',3,null);
Insert into EMP_PREFERENCE_TB (EMPLOYEE_ID,PREFERENCE_ID,VALUE,PRIORITY,TEMP_HARD_CONSTRAINT) values (30,'P_1','23-07-21',3,null);
Insert into EMP_PREFERENCE_TB (EMPLOYEE_ID,PREFERENCE_ID,VALUE,PRIORITY,TEMP_HARD_CONSTRAINT) values (31,'P_1','19-07-21',3,null);
Insert into EMP_PREFERENCE_TB (EMPLOYEE_ID,PREFERENCE_ID,VALUE,PRIORITY,TEMP_HARD_CONSTRAINT) values (32,'P_1','19-07-21',3,null);
Insert into EMP_PREFERENCE_TB (EMPLOYEE_ID,PREFERENCE_ID,VALUE,PRIORITY,TEMP_HARD_CONSTRAINT) values (33,'P_1','20-07-21',3,null);
Insert into EMP_PREFERENCE_TB (EMPLOYEE_ID,PREFERENCE_ID,VALUE,PRIORITY,TEMP_HARD_CONSTRAINT) values (34,'P_1','21-07-21',3,null);
Insert into EMP_PREFERENCE_TB (EMPLOYEE_ID,PREFERENCE_ID,VALUE,PRIORITY,TEMP_HARD_CONSTRAINT) values (35,'P_1','22-07-21',3,null);
Insert into EMP_PREFERENCE_TB (EMPLOYEE_ID,PREFERENCE_ID,VALUE,PRIORITY,TEMP_HARD_CONSTRAINT) values (36,'P_1','23-07-21',3,null);
Insert into EMP_PREFERENCE_TB (EMPLOYEE_ID,PREFERENCE_ID,VALUE,PRIORITY,TEMP_HARD_CONSTRAINT) values (37,'P_1','19-07-21',3,null);
Insert into EMP_PREFERENCE_TB (EMPLOYEE_ID,PREFERENCE_ID,VALUE,PRIORITY,TEMP_HARD_CONSTRAINT) values (38,'P_1','20-07-21',3,null);
Insert into EMP_PREFERENCE_TB (EMPLOYEE_ID,PREFERENCE_ID,VALUE,PRIORITY,TEMP_HARD_CONSTRAINT) values (39,'P_1','21-07-21',3,null);
Insert into EMP_PREFERENCE_TB (EMPLOYEE_ID,PREFERENCE_ID,VALUE,PRIORITY,TEMP_HARD_CONSTRAINT) values (40,'P_1','22-07-21',3,null);
Insert into EMP_PREFERENCE_TB (EMPLOYEE_ID,PREFERENCE_ID,VALUE,PRIORITY,TEMP_HARD_CONSTRAINT) values (41,'P_1','23-07-21',3,null);
Insert into EMP_PREFERENCE_TB (EMPLOYEE_ID,PREFERENCE_ID,VALUE,PRIORITY,TEMP_HARD_CONSTRAINT) values (42,'P_1','19-07-21',3,null);
Insert into EMP_PREFERENCE_TB (EMPLOYEE_ID,PREFERENCE_ID,VALUE,PRIORITY,TEMP_HARD_CONSTRAINT) values (43,'P_1','20-07-21',3,null);
Insert into EMP_PREFERENCE_TB (EMPLOYEE_ID,PREFERENCE_ID,VALUE,PRIORITY,TEMP_HARD_CONSTRAINT) values (44,'P_1','21-07-21',3,null);
Insert into EMP_PREFERENCE_TB (EMPLOYEE_ID,PREFERENCE_ID,VALUE,PRIORITY,TEMP_HARD_CONSTRAINT) values (45,'P_1','22-07-21',3,null);
Insert into EMP_PREFERENCE_TB (EMPLOYEE_ID,PREFERENCE_ID,VALUE,PRIORITY,TEMP_HARD_CONSTRAINT) values (46,'P_1','23-07-21',3,null);
Insert into EMP_PREFERENCE_TB (EMPLOYEE_ID,PREFERENCE_ID,VALUE,PRIORITY,TEMP_HARD_CONSTRAINT) values (47,'P_1','19-07-21',3,null);
Insert into EMP_PREFERENCE_TB (EMPLOYEE_ID,PREFERENCE_ID,VALUE,PRIORITY,TEMP_HARD_CONSTRAINT) values (48,'P_1','20-07-21',3,null);
Insert into EMP_PREFERENCE_TB (EMPLOYEE_ID,PREFERENCE_ID,VALUE,PRIORITY,TEMP_HARD_CONSTRAINT) values (49,'P_1','21-07-21',3,null);
Insert into EMP_PREFERENCE_TB (EMPLOYEE_ID,PREFERENCE_ID,VALUE,PRIORITY,TEMP_HARD_CONSTRAINT) values (50,'P_1','22-07-21',3,null);
Insert into EMP_PREFERENCE_TB (EMPLOYEE_ID,PREFERENCE_ID,VALUE,PRIORITY,TEMP_HARD_CONSTRAINT) values (51,'P_1','23-07-21',3,null);
Insert into EMP_PREFERENCE_TB (EMPLOYEE_ID,PREFERENCE_ID,VALUE,PRIORITY,TEMP_HARD_CONSTRAINT) values (52,'P_1','19-07-21',3,null);
Insert into EMP_PREFERENCE_TB (EMPLOYEE_ID,PREFERENCE_ID,VALUE,PRIORITY,TEMP_HARD_CONSTRAINT) values (53,'P_1','20-07-21',3,null);
Insert into EMP_PREFERENCE_TB (EMPLOYEE_ID,PREFERENCE_ID,VALUE,PRIORITY,TEMP_HARD_CONSTRAINT) values (54,'P_1','21-07-21',3,null);
Insert into EMP_PREFERENCE_TB (EMPLOYEE_ID,PREFERENCE_ID,VALUE,PRIORITY,TEMP_HARD_CONSTRAINT) values (55,'P_1','22-07-21',3,null);
Insert into EMP_PREFERENCE_TB (EMPLOYEE_ID,PREFERENCE_ID,VALUE,PRIORITY,TEMP_HARD_CONSTRAINT) values (56,'P_1','23-07-21',3,null);
Insert into EMP_PREFERENCE_TB (EMPLOYEE_ID,PREFERENCE_ID,VALUE,PRIORITY,TEMP_HARD_CONSTRAINT) values (57,'P_1','19-07-21',3,null);
Insert into EMP_PREFERENCE_TB (EMPLOYEE_ID,PREFERENCE_ID,VALUE,PRIORITY,TEMP_HARD_CONSTRAINT) values (58,'P_1','20-07-21',3,null);
Insert into EMP_PREFERENCE_TB (EMPLOYEE_ID,PREFERENCE_ID,VALUE,PRIORITY,TEMP_HARD_CONSTRAINT) values (59,'P_1','21-07-21',3,null);
Insert into EMP_PREFERENCE_TB (EMPLOYEE_ID,PREFERENCE_ID,VALUE,PRIORITY,TEMP_HARD_CONSTRAINT) values (60,'P_1','22-07-21',3,null);
Insert into EMP_PREFERENCE_TB (EMPLOYEE_ID,PREFERENCE_ID,VALUE,PRIORITY,TEMP_HARD_CONSTRAINT) values (61,'P_1','23-07-21',3,null);
Insert into EMP_PREFERENCE_TB (EMPLOYEE_ID,PREFERENCE_ID,VALUE,PRIORITY,TEMP_HARD_CONSTRAINT) values (62,'P_1','19-07-21',3,null);
Insert into EMP_PREFERENCE_TB (EMPLOYEE_ID,PREFERENCE_ID,VALUE,PRIORITY,TEMP_HARD_CONSTRAINT) values (63,'P_1','19-07-21',3,null);
Insert into EMP_PREFERENCE_TB (EMPLOYEE_ID,PREFERENCE_ID,VALUE,PRIORITY,TEMP_HARD_CONSTRAINT) values (64,'P_1','20-07-21',3,null);
Insert into EMP_PREFERENCE_TB (EMPLOYEE_ID,PREFERENCE_ID,VALUE,PRIORITY,TEMP_HARD_CONSTRAINT) values (65,'P_1','21-07-21',3,null);
Insert into EMP_PREFERENCE_TB (EMPLOYEE_ID,PREFERENCE_ID,VALUE,PRIORITY,TEMP_HARD_CONSTRAINT) values (66,'P_1','22-07-21',3,null);
Insert into EMP_PREFERENCE_TB (EMPLOYEE_ID,PREFERENCE_ID,VALUE,PRIORITY,TEMP_HARD_CONSTRAINT) values (67,'P_1','23-07-21',3,null);
Insert into EMP_PREFERENCE_TB (EMPLOYEE_ID,PREFERENCE_ID,VALUE,PRIORITY,TEMP_HARD_CONSTRAINT) values (68,'P_1','19-07-21',3,null);
Insert into EMP_PREFERENCE_TB (EMPLOYEE_ID,PREFERENCE_ID,VALUE,PRIORITY,TEMP_HARD_CONSTRAINT) values (69,'P_1','20-07-21',3,null);
Insert into EMP_PREFERENCE_TB (EMPLOYEE_ID,PREFERENCE_ID,VALUE,PRIORITY,TEMP_HARD_CONSTRAINT) values (70,'P_1','21-07-21',3,null);
Insert into EMP_PREFERENCE_TB (EMPLOYEE_ID,PREFERENCE_ID,VALUE,PRIORITY,TEMP_HARD_CONSTRAINT) values (71,'P_1','22-07-21',3,null);
Insert into EMP_PREFERENCE_TB (EMPLOYEE_ID,PREFERENCE_ID,VALUE,PRIORITY,TEMP_HARD_CONSTRAINT) values (72,'P_1','23-07-21',3,null);
Insert into EMP_PREFERENCE_TB (EMPLOYEE_ID,PREFERENCE_ID,VALUE,PRIORITY,TEMP_HARD_CONSTRAINT) values (73,'P_1','19-07-21',3,null);
Insert into EMP_PREFERENCE_TB (EMPLOYEE_ID,PREFERENCE_ID,VALUE,PRIORITY,TEMP_HARD_CONSTRAINT) values (74,'P_1','20-07-21',3,null);
Insert into EMP_PREFERENCE_TB (EMPLOYEE_ID,PREFERENCE_ID,VALUE,PRIORITY,TEMP_HARD_CONSTRAINT) values (75,'P_1','21-07-21',3,null);
Insert into EMP_PREFERENCE_TB (EMPLOYEE_ID,PREFERENCE_ID,VALUE,PRIORITY,TEMP_HARD_CONSTRAINT) values (76,'P_1','22-07-21',3,null);
Insert into EMP_PREFERENCE_TB (EMPLOYEE_ID,PREFERENCE_ID,VALUE,PRIORITY,TEMP_HARD_CONSTRAINT) values (77,'P_1','23-07-21',3,null);
Insert into EMP_PREFERENCE_TB (EMPLOYEE_ID,PREFERENCE_ID,VALUE,PRIORITY,TEMP_HARD_CONSTRAINT) values (78,'P_1','19-07-21',3,null);
Insert into EMP_PREFERENCE_TB (EMPLOYEE_ID,PREFERENCE_ID,VALUE,PRIORITY,TEMP_HARD_CONSTRAINT) values (79,'P_1','20-07-21',3,null);
Insert into EMP_PREFERENCE_TB (EMPLOYEE_ID,PREFERENCE_ID,VALUE,PRIORITY,TEMP_HARD_CONSTRAINT) values (80,'P_1','21-07-21',3,null);
Insert into EMP_PREFERENCE_TB (EMPLOYEE_ID,PREFERENCE_ID,VALUE,PRIORITY,TEMP_HARD_CONSTRAINT) values (81,'P_1','22-07-21',1,null);
Insert into EMP_PREFERENCE_TB (EMPLOYEE_ID,PREFERENCE_ID,VALUE,PRIORITY,TEMP_HARD_CONSTRAINT) values (82,'P_1','23-07-21',1,null);
Insert into EMP_PREFERENCE_TB (EMPLOYEE_ID,PREFERENCE_ID,VALUE,PRIORITY,TEMP_HARD_CONSTRAINT) values (83,'P_1','19-07-21',1,null);
Insert into EMP_PREFERENCE_TB (EMPLOYEE_ID,PREFERENCE_ID,VALUE,PRIORITY,TEMP_HARD_CONSTRAINT) values (84,'P_1','20-07-21',1,null);
Insert into EMP_PREFERENCE_TB (EMPLOYEE_ID,PREFERENCE_ID,VALUE,PRIORITY,TEMP_HARD_CONSTRAINT) values (85,'P_1','21-07-21',1,null);
Insert into EMP_PREFERENCE_TB (EMPLOYEE_ID,PREFERENCE_ID,VALUE,PRIORITY,TEMP_HARD_CONSTRAINT) values (86,'P_1','22-07-21',1,null);
Insert into EMP_PREFERENCE_TB (EMPLOYEE_ID,PREFERENCE_ID,VALUE,PRIORITY,TEMP_HARD_CONSTRAINT) values (87,'P_1','23-07-21',1,null);
Insert into EMP_PREFERENCE_TB (EMPLOYEE_ID,PREFERENCE_ID,VALUE,PRIORITY,TEMP_HARD_CONSTRAINT) values (88,'P_1','19-07-21',1,null);
Insert into EMP_PREFERENCE_TB (EMPLOYEE_ID,PREFERENCE_ID,VALUE,PRIORITY,TEMP_HARD_CONSTRAINT) values (89,'P_1','20-07-21',1,null);
Insert into EMP_PREFERENCE_TB (EMPLOYEE_ID,PREFERENCE_ID,VALUE,PRIORITY,TEMP_HARD_CONSTRAINT) values (90,'P_1','21-07-21',1,null);
Insert into EMP_PREFERENCE_TB (EMPLOYEE_ID,PREFERENCE_ID,VALUE,PRIORITY,TEMP_HARD_CONSTRAINT) values (91,'P_1','22-07-21',1,null);
Insert into EMP_PREFERENCE_TB (EMPLOYEE_ID,PREFERENCE_ID,VALUE,PRIORITY,TEMP_HARD_CONSTRAINT) values (92,'P_1','23-07-21',1,null);
Insert into EMP_PREFERENCE_TB (EMPLOYEE_ID,PREFERENCE_ID,VALUE,PRIORITY,TEMP_HARD_CONSTRAINT) values (93,'P_1','19-07-21',1,null);
Insert into EMP_PREFERENCE_TB (EMPLOYEE_ID,PREFERENCE_ID,VALUE,PRIORITY,TEMP_HARD_CONSTRAINT) values (94,'P_1','19-07-21',1,null);
Insert into EMP_PREFERENCE_TB (EMPLOYEE_ID,PREFERENCE_ID,VALUE,PRIORITY,TEMP_HARD_CONSTRAINT) values (95,'P_1','20-07-21',1,null);
Insert into EMP_PREFERENCE_TB (EMPLOYEE_ID,PREFERENCE_ID,VALUE,PRIORITY,TEMP_HARD_CONSTRAINT) values (96,'P_1','21-07-21',1,null);
Insert into EMP_PREFERENCE_TB (EMPLOYEE_ID,PREFERENCE_ID,VALUE,PRIORITY,TEMP_HARD_CONSTRAINT) values (97,'P_1','22-07-21',1,null);
Insert into EMP_PREFERENCE_TB (EMPLOYEE_ID,PREFERENCE_ID,VALUE,PRIORITY,TEMP_HARD_CONSTRAINT) values (98,'P_1','23-07-21',1,null);
Insert into EMP_PREFERENCE_TB (EMPLOYEE_ID,PREFERENCE_ID,VALUE,PRIORITY,TEMP_HARD_CONSTRAINT) values (99,'P_1','19-07-21',1,null);
Insert into EMP_PREFERENCE_TB (EMPLOYEE_ID,PREFERENCE_ID,VALUE,PRIORITY,TEMP_HARD_CONSTRAINT) values (100,'P_1','20-07-21',1,null);
Insert into EMP_PREFERENCE_TB (EMPLOYEE_ID,PREFERENCE_ID,VALUE,PRIORITY,TEMP_HARD_CONSTRAINT) values (101,'P_1','21-07-21',1,null);
Insert into EMP_PREFERENCE_TB (EMPLOYEE_ID,PREFERENCE_ID,VALUE,PRIORITY,TEMP_HARD_CONSTRAINT) values (102,'P_1','22-07-21',1,null);
Insert into EMP_PREFERENCE_TB (EMPLOYEE_ID,PREFERENCE_ID,VALUE,PRIORITY,TEMP_HARD_CONSTRAINT) values (103,'P_1','23-07-21',1,null);
Insert into EMP_PREFERENCE_TB (EMPLOYEE_ID,PREFERENCE_ID,VALUE,PRIORITY,TEMP_HARD_CONSTRAINT) values (104,'P_1','19-07-21',1,null);
Insert into EMP_PREFERENCE_TB (EMPLOYEE_ID,PREFERENCE_ID,VALUE,PRIORITY,TEMP_HARD_CONSTRAINT) values (105,'P_1','20-07-21',1,null);
Insert into EMP_PREFERENCE_TB (EMPLOYEE_ID,PREFERENCE_ID,VALUE,PRIORITY,TEMP_HARD_CONSTRAINT) values (106,'P_1','21-07-21',1,null);
Insert into EMP_PREFERENCE_TB (EMPLOYEE_ID,PREFERENCE_ID,VALUE,PRIORITY,TEMP_HARD_CONSTRAINT) values (107,'P_1','22-07-21',1,null);
Insert into EMP_PREFERENCE_TB (EMPLOYEE_ID,PREFERENCE_ID,VALUE,PRIORITY,TEMP_HARD_CONSTRAINT) values (108,'P_1','23-07-21',1,null);
Insert into EMP_PREFERENCE_TB (EMPLOYEE_ID,PREFERENCE_ID,VALUE,PRIORITY,TEMP_HARD_CONSTRAINT) values (109,'P_1','19-07-21',1,null);
Insert into EMP_PREFERENCE_TB (EMPLOYEE_ID,PREFERENCE_ID,VALUE,PRIORITY,TEMP_HARD_CONSTRAINT) values (110,'P_1','20-07-21',1,null);
Insert into EMP_PREFERENCE_TB (EMPLOYEE_ID,PREFERENCE_ID,VALUE,PRIORITY,TEMP_HARD_CONSTRAINT) values (1,'P_2','21-07-21',1,null);
Insert into EMP_PREFERENCE_TB (EMPLOYEE_ID,PREFERENCE_ID,VALUE,PRIORITY,TEMP_HARD_CONSTRAINT) values (2,'P_2','21-07-21',1,null);
Insert into EMP_PREFERENCE_TB (EMPLOYEE_ID,PREFERENCE_ID,VALUE,PRIORITY,TEMP_HARD_CONSTRAINT) values (3,'P_2','21-07-21',1,null);
Insert into EMP_PREFERENCE_TB (EMPLOYEE_ID,PREFERENCE_ID,VALUE,PRIORITY,TEMP_HARD_CONSTRAINT) values (4,'P_2','21-07-21',1,null);
Insert into EMP_PREFERENCE_TB (EMPLOYEE_ID,PREFERENCE_ID,VALUE,PRIORITY,TEMP_HARD_CONSTRAINT) values (5,'P_2','21-07-21',1,null);
Insert into EMP_PREFERENCE_TB (EMPLOYEE_ID,PREFERENCE_ID,VALUE,PRIORITY,TEMP_HARD_CONSTRAINT) values (6,'P_2','21-07-21',1,null);
Insert into EMP_PREFERENCE_TB (EMPLOYEE_ID,PREFERENCE_ID,VALUE,PRIORITY,TEMP_HARD_CONSTRAINT) values (7,'P_2','21-07-21',1,null);
Insert into EMP_PREFERENCE_TB (EMPLOYEE_ID,PREFERENCE_ID,VALUE,PRIORITY,TEMP_HARD_CONSTRAINT) values (8,'P_2','21-07-21',1,null);
Insert into EMP_PREFERENCE_TB (EMPLOYEE_ID,PREFERENCE_ID,VALUE,PRIORITY,TEMP_HARD_CONSTRAINT) values (9,'P_2','21-07-21',1,null);
Insert into EMP_PREFERENCE_TB (EMPLOYEE_ID,PREFERENCE_ID,VALUE,PRIORITY,TEMP_HARD_CONSTRAINT) values (10,'P_2','21-07-21',1,null);
Insert into EMP_PREFERENCE_TB (EMPLOYEE_ID,PREFERENCE_ID,VALUE,PRIORITY,TEMP_HARD_CONSTRAINT) values (11,'P_2','21-07-21',1,null);
Insert into EMP_PREFERENCE_TB (EMPLOYEE_ID,PREFERENCE_ID,VALUE,PRIORITY,TEMP_HARD_CONSTRAINT) values (12,'P_2','21-07-21',1,null);
Insert into EMP_PREFERENCE_TB (EMPLOYEE_ID,PREFERENCE_ID,VALUE,PRIORITY,TEMP_HARD_CONSTRAINT) values (13,'P_2','21-07-21',1,null);
Insert into EMP_PREFERENCE_TB (EMPLOYEE_ID,PREFERENCE_ID,VALUE,PRIORITY,TEMP_HARD_CONSTRAINT) values (14,'P_2','21-07-21',1,null);
Insert into EMP_PREFERENCE_TB (EMPLOYEE_ID,PREFERENCE_ID,VALUE,PRIORITY,TEMP_HARD_CONSTRAINT) values (15,'P_2','21-07-21',1,null);
Insert into EMP_PREFERENCE_TB (EMPLOYEE_ID,PREFERENCE_ID,VALUE,PRIORITY,TEMP_HARD_CONSTRAINT) values (16,'P_2','21-07-21',1,null);
Insert into EMP_PREFERENCE_TB (EMPLOYEE_ID,PREFERENCE_ID,VALUE,PRIORITY,TEMP_HARD_CONSTRAINT) values (17,'P_2','21-07-21',1,null);
Insert into EMP_PREFERENCE_TB (EMPLOYEE_ID,PREFERENCE_ID,VALUE,PRIORITY,TEMP_HARD_CONSTRAINT) values (18,'P_2','21-07-21',1,null);
Insert into EMP_PREFERENCE_TB (EMPLOYEE_ID,PREFERENCE_ID,VALUE,PRIORITY,TEMP_HARD_CONSTRAINT) values (19,'P_2','21-07-21',1,null);
Insert into EMP_PREFERENCE_TB (EMPLOYEE_ID,PREFERENCE_ID,VALUE,PRIORITY,TEMP_HARD_CONSTRAINT) values (20,'P_2','21-07-21',1,null);
Insert into EMP_PREFERENCE_TB (EMPLOYEE_ID,PREFERENCE_ID,VALUE,PRIORITY,TEMP_HARD_CONSTRAINT) values (21,'P_2','21-07-21',1,null);
Insert into EMP_PREFERENCE_TB (EMPLOYEE_ID,PREFERENCE_ID,VALUE,PRIORITY,TEMP_HARD_CONSTRAINT) values (22,'P_2','21-07-21',1,null);
Insert into EMP_PREFERENCE_TB (EMPLOYEE_ID,PREFERENCE_ID,VALUE,PRIORITY,TEMP_HARD_CONSTRAINT) values (23,'P_2','21-07-21',1,null);
Insert into EMP_PREFERENCE_TB (EMPLOYEE_ID,PREFERENCE_ID,VALUE,PRIORITY,TEMP_HARD_CONSTRAINT) values (24,'P_2','21-07-21',1,null);
Insert into EMP_PREFERENCE_TB (EMPLOYEE_ID,PREFERENCE_ID,VALUE,PRIORITY,TEMP_HARD_CONSTRAINT) values (25,'P_2','21-07-21',1,'Y');
Insert into EMP_PREFERENCE_TB (EMPLOYEE_ID,PREFERENCE_ID,VALUE,PRIORITY,TEMP_HARD_CONSTRAINT) values (26,'P_2','21-07-21',2,null);
Insert into EMP_PREFERENCE_TB (EMPLOYEE_ID,PREFERENCE_ID,VALUE,PRIORITY,TEMP_HARD_CONSTRAINT) values (27,'P_2','21-07-21',2,null);
Insert into EMP_PREFERENCE_TB (EMPLOYEE_ID,PREFERENCE_ID,VALUE,PRIORITY,TEMP_HARD_CONSTRAINT) values (28,'P_2','21-07-21',2,null);
Insert into EMP_PREFERENCE_TB (EMPLOYEE_ID,PREFERENCE_ID,VALUE,PRIORITY,TEMP_HARD_CONSTRAINT) values (29,'P_2','21-07-21',2,null);
Insert into EMP_PREFERENCE_TB (EMPLOYEE_ID,PREFERENCE_ID,VALUE,PRIORITY,TEMP_HARD_CONSTRAINT) values (30,'P_2','21-07-21',2,null);
Insert into EMP_PREFERENCE_TB (EMPLOYEE_ID,PREFERENCE_ID,VALUE,PRIORITY,TEMP_HARD_CONSTRAINT) values (31,'P_2','21-07-21',2,null);
Insert into EMP_PREFERENCE_TB (EMPLOYEE_ID,PREFERENCE_ID,VALUE,PRIORITY,TEMP_HARD_CONSTRAINT) values (32,'P_2','21-07-21',2,null);
Insert into EMP_PREFERENCE_TB (EMPLOYEE_ID,PREFERENCE_ID,VALUE,PRIORITY,TEMP_HARD_CONSTRAINT) values (33,'P_2','21-07-21',2,null);
Insert into EMP_PREFERENCE_TB (EMPLOYEE_ID,PREFERENCE_ID,VALUE,PRIORITY,TEMP_HARD_CONSTRAINT) values (34,'P_2','21-07-21',2,null);
Insert into EMP_PREFERENCE_TB (EMPLOYEE_ID,PREFERENCE_ID,VALUE,PRIORITY,TEMP_HARD_CONSTRAINT) values (35,'P_2','21-07-21',2,null);
Insert into EMP_PREFERENCE_TB (EMPLOYEE_ID,PREFERENCE_ID,VALUE,PRIORITY,TEMP_HARD_CONSTRAINT) values (36,'P_2','21-07-21',2,null);
Insert into EMP_PREFERENCE_TB (EMPLOYEE_ID,PREFERENCE_ID,VALUE,PRIORITY,TEMP_HARD_CONSTRAINT) values (37,'P_2','21-07-21',2,null);
Insert into EMP_PREFERENCE_TB (EMPLOYEE_ID,PREFERENCE_ID,VALUE,PRIORITY,TEMP_HARD_CONSTRAINT) values (38,'P_2','21-07-21',2,null);
Insert into EMP_PREFERENCE_TB (EMPLOYEE_ID,PREFERENCE_ID,VALUE,PRIORITY,TEMP_HARD_CONSTRAINT) values (39,'P_2','21-07-21',2,null);
Insert into EMP_PREFERENCE_TB (EMPLOYEE_ID,PREFERENCE_ID,VALUE,PRIORITY,TEMP_HARD_CONSTRAINT) values (40,'P_2','21-07-21',2,null);
Insert into EMP_PREFERENCE_TB (EMPLOYEE_ID,PREFERENCE_ID,VALUE,PRIORITY,TEMP_HARD_CONSTRAINT) values (41,'P_2','21-07-21',2,null);
Insert into EMP_PREFERENCE_TB (EMPLOYEE_ID,PREFERENCE_ID,VALUE,PRIORITY,TEMP_HARD_CONSTRAINT) values (42,'P_2','21-07-21',2,null);
Insert into EMP_PREFERENCE_TB (EMPLOYEE_ID,PREFERENCE_ID,VALUE,PRIORITY,TEMP_HARD_CONSTRAINT) values (43,'P_2','21-07-21',2,null);
Insert into EMP_PREFERENCE_TB (EMPLOYEE_ID,PREFERENCE_ID,VALUE,PRIORITY,TEMP_HARD_CONSTRAINT) values (44,'P_2','21-07-21',2,null);
Insert into EMP_PREFERENCE_TB (EMPLOYEE_ID,PREFERENCE_ID,VALUE,PRIORITY,TEMP_HARD_CONSTRAINT) values (45,'P_2','21-07-21',2,null);
Insert into EMP_PREFERENCE_TB (EMPLOYEE_ID,PREFERENCE_ID,VALUE,PRIORITY,TEMP_HARD_CONSTRAINT) values (46,'P_2','21-07-21',2,null);
Insert into EMP_PREFERENCE_TB (EMPLOYEE_ID,PREFERENCE_ID,VALUE,PRIORITY,TEMP_HARD_CONSTRAINT) values (47,'P_2','21-07-21',2,null);
Insert into EMP_PREFERENCE_TB (EMPLOYEE_ID,PREFERENCE_ID,VALUE,PRIORITY,TEMP_HARD_CONSTRAINT) values (48,'P_2','21-07-21',2,null);
Insert into EMP_PREFERENCE_TB (EMPLOYEE_ID,PREFERENCE_ID,VALUE,PRIORITY,TEMP_HARD_CONSTRAINT) values (49,'P_2','21-07-21',2,null);
Insert into EMP_PREFERENCE_TB (EMPLOYEE_ID,PREFERENCE_ID,VALUE,PRIORITY,TEMP_HARD_CONSTRAINT) values (50,'P_2','21-07-21',2,null);
Insert into EMP_PREFERENCE_TB (EMPLOYEE_ID,PREFERENCE_ID,VALUE,PRIORITY,TEMP_HARD_CONSTRAINT) values (51,'P_2','21-07-21',2,null);
Insert into EMP_PREFERENCE_TB (EMPLOYEE_ID,PREFERENCE_ID,VALUE,PRIORITY,TEMP_HARD_CONSTRAINT) values (52,'P_2','21-07-21',2,null);
Insert into EMP_PREFERENCE_TB (EMPLOYEE_ID,PREFERENCE_ID,VALUE,PRIORITY,TEMP_HARD_CONSTRAINT) values (53,'P_2','21-07-21',2,null);
Insert into EMP_PREFERENCE_TB (EMPLOYEE_ID,PREFERENCE_ID,VALUE,PRIORITY,TEMP_HARD_CONSTRAINT) values (54,'P_2','21-07-21',2,null);
Insert into EMP_PREFERENCE_TB (EMPLOYEE_ID,PREFERENCE_ID,VALUE,PRIORITY,TEMP_HARD_CONSTRAINT) values (55,'P_2','21-07-21',2,null);
Insert into EMP_PREFERENCE_TB (EMPLOYEE_ID,PREFERENCE_ID,VALUE,PRIORITY,TEMP_HARD_CONSTRAINT) values (56,'P_2','21-07-21',2,null);
Insert into EMP_PREFERENCE_TB (EMPLOYEE_ID,PREFERENCE_ID,VALUE,PRIORITY,TEMP_HARD_CONSTRAINT) values (57,'P_2','21-07-21',2,null);
Insert into EMP_PREFERENCE_TB (EMPLOYEE_ID,PREFERENCE_ID,VALUE,PRIORITY,TEMP_HARD_CONSTRAINT) values (58,'P_2','21-07-21',2,null);
Insert into EMP_PREFERENCE_TB (EMPLOYEE_ID,PREFERENCE_ID,VALUE,PRIORITY,TEMP_HARD_CONSTRAINT) values (59,'P_2','21-07-21',2,null);
Insert into EMP_PREFERENCE_TB (EMPLOYEE_ID,PREFERENCE_ID,VALUE,PRIORITY,TEMP_HARD_CONSTRAINT) values (60,'P_2','21-07-21',2,null);
Insert into EMP_PREFERENCE_TB (EMPLOYEE_ID,PREFERENCE_ID,VALUE,PRIORITY,TEMP_HARD_CONSTRAINT) values (61,'P_2','21-07-21',2,null);
Insert into EMP_PREFERENCE_TB (EMPLOYEE_ID,PREFERENCE_ID,VALUE,PRIORITY,TEMP_HARD_CONSTRAINT) values (62,'P_2','21-07-21',2,null);
Insert into EMP_PREFERENCE_TB (EMPLOYEE_ID,PREFERENCE_ID,VALUE,PRIORITY,TEMP_HARD_CONSTRAINT) values (63,'P_2','21-07-21',2,null);
Insert into EMP_PREFERENCE_TB (EMPLOYEE_ID,PREFERENCE_ID,VALUE,PRIORITY,TEMP_HARD_CONSTRAINT) values (64,'P_2','21-07-21',2,null);
Insert into EMP_PREFERENCE_TB (EMPLOYEE_ID,PREFERENCE_ID,VALUE,PRIORITY,TEMP_HARD_CONSTRAINT) values (65,'P_2','21-07-21',2,null);
Insert into EMP_PREFERENCE_TB (EMPLOYEE_ID,PREFERENCE_ID,VALUE,PRIORITY,TEMP_HARD_CONSTRAINT) values (66,'P_2','21-07-21',2,null);
Insert into EMP_PREFERENCE_TB (EMPLOYEE_ID,PREFERENCE_ID,VALUE,PRIORITY,TEMP_HARD_CONSTRAINT) values (67,'P_2','21-07-21',2,null);
Insert into EMP_PREFERENCE_TB (EMPLOYEE_ID,PREFERENCE_ID,VALUE,PRIORITY,TEMP_HARD_CONSTRAINT) values (68,'P_2','21-07-21',2,null);
Insert into EMP_PREFERENCE_TB (EMPLOYEE_ID,PREFERENCE_ID,VALUE,PRIORITY,TEMP_HARD_CONSTRAINT) values (69,'P_2','21-07-21',2,null);
Insert into EMP_PREFERENCE_TB (EMPLOYEE_ID,PREFERENCE_ID,VALUE,PRIORITY,TEMP_HARD_CONSTRAINT) values (70,'P_2','21-07-21',2,null);
Insert into EMP_PREFERENCE_TB (EMPLOYEE_ID,PREFERENCE_ID,VALUE,PRIORITY,TEMP_HARD_CONSTRAINT) values (71,'P_2','21-07-21',2,null);
Insert into EMP_PREFERENCE_TB (EMPLOYEE_ID,PREFERENCE_ID,VALUE,PRIORITY,TEMP_HARD_CONSTRAINT) values (72,'P_2','21-07-21',2,null);
Insert into EMP_PREFERENCE_TB (EMPLOYEE_ID,PREFERENCE_ID,VALUE,PRIORITY,TEMP_HARD_CONSTRAINT) values (73,'P_2','21-07-21',2,null);
Insert into EMP_PREFERENCE_TB (EMPLOYEE_ID,PREFERENCE_ID,VALUE,PRIORITY,TEMP_HARD_CONSTRAINT) values (74,'P_2','21-07-21',2,null);
Insert into EMP_PREFERENCE_TB (EMPLOYEE_ID,PREFERENCE_ID,VALUE,PRIORITY,TEMP_HARD_CONSTRAINT) values (75,'P_2','21-07-21',2,null);
Insert into EMP_PREFERENCE_TB (EMPLOYEE_ID,PREFERENCE_ID,VALUE,PRIORITY,TEMP_HARD_CONSTRAINT) values (76,'P_2','21-07-21',2,null);
Insert into EMP_PREFERENCE_TB (EMPLOYEE_ID,PREFERENCE_ID,VALUE,PRIORITY,TEMP_HARD_CONSTRAINT) values (77,'P_2','21-07-21',2,null);
Insert into EMP_PREFERENCE_TB (EMPLOYEE_ID,PREFERENCE_ID,VALUE,PRIORITY,TEMP_HARD_CONSTRAINT) values (78,'P_2','21-07-21',2,null);
Insert into EMP_PREFERENCE_TB (EMPLOYEE_ID,PREFERENCE_ID,VALUE,PRIORITY,TEMP_HARD_CONSTRAINT) values (79,'P_2','21-07-21',2,null);
Insert into EMP_PREFERENCE_TB (EMPLOYEE_ID,PREFERENCE_ID,VALUE,PRIORITY,TEMP_HARD_CONSTRAINT) values (80,'P_2','21-07-21',2,null);
Insert into EMP_PREFERENCE_TB (EMPLOYEE_ID,PREFERENCE_ID,VALUE,PRIORITY,TEMP_HARD_CONSTRAINT) values (81,'P_2','21-07-21',3,null);
Insert into EMP_PREFERENCE_TB (EMPLOYEE_ID,PREFERENCE_ID,VALUE,PRIORITY,TEMP_HARD_CONSTRAINT) values (82,'P_2','21-07-21',3,null);
Insert into EMP_PREFERENCE_TB (EMPLOYEE_ID,PREFERENCE_ID,VALUE,PRIORITY,TEMP_HARD_CONSTRAINT) values (83,'P_2','21-07-21',3,null);
Insert into EMP_PREFERENCE_TB (EMPLOYEE_ID,PREFERENCE_ID,VALUE,PRIORITY,TEMP_HARD_CONSTRAINT) values (84,'P_2','21-07-21',3,null);
Insert into EMP_PREFERENCE_TB (EMPLOYEE_ID,PREFERENCE_ID,VALUE,PRIORITY,TEMP_HARD_CONSTRAINT) values (85,'P_2','21-07-21',3,null);
Insert into EMP_PREFERENCE_TB (EMPLOYEE_ID,PREFERENCE_ID,VALUE,PRIORITY,TEMP_HARD_CONSTRAINT) values (86,'P_2','21-07-21',3,null);
Insert into EMP_PREFERENCE_TB (EMPLOYEE_ID,PREFERENCE_ID,VALUE,PRIORITY,TEMP_HARD_CONSTRAINT) values (87,'P_2','21-07-21',3,null);
Insert into EMP_PREFERENCE_TB (EMPLOYEE_ID,PREFERENCE_ID,VALUE,PRIORITY,TEMP_HARD_CONSTRAINT) values (88,'P_2','21-07-21',3,null);
Insert into EMP_PREFERENCE_TB (EMPLOYEE_ID,PREFERENCE_ID,VALUE,PRIORITY,TEMP_HARD_CONSTRAINT) values (89,'P_2','21-07-21',3,null);
Insert into EMP_PREFERENCE_TB (EMPLOYEE_ID,PREFERENCE_ID,VALUE,PRIORITY,TEMP_HARD_CONSTRAINT) values (90,'P_2','21-07-21',3,null);
Insert into EMP_PREFERENCE_TB (EMPLOYEE_ID,PREFERENCE_ID,VALUE,PRIORITY,TEMP_HARD_CONSTRAINT) values (91,'P_2','21-07-21',3,null);
Insert into EMP_PREFERENCE_TB (EMPLOYEE_ID,PREFERENCE_ID,VALUE,PRIORITY,TEMP_HARD_CONSTRAINT) values (92,'P_2','21-07-21',3,null);
Insert into EMP_PREFERENCE_TB (EMPLOYEE_ID,PREFERENCE_ID,VALUE,PRIORITY,TEMP_HARD_CONSTRAINT) values (93,'P_2','21-07-21',3,null);
Insert into EMP_PREFERENCE_TB (EMPLOYEE_ID,PREFERENCE_ID,VALUE,PRIORITY,TEMP_HARD_CONSTRAINT) values (94,'P_2','21-07-21',3,null);
Insert into EMP_PREFERENCE_TB (EMPLOYEE_ID,PREFERENCE_ID,VALUE,PRIORITY,TEMP_HARD_CONSTRAINT) values (95,'P_2','21-07-21',3,null);
Insert into EMP_PREFERENCE_TB (EMPLOYEE_ID,PREFERENCE_ID,VALUE,PRIORITY,TEMP_HARD_CONSTRAINT) values (96,'P_2','21-07-21',3,null);
Insert into EMP_PREFERENCE_TB (EMPLOYEE_ID,PREFERENCE_ID,VALUE,PRIORITY,TEMP_HARD_CONSTRAINT) values (97,'P_2','21-07-21',3,null);
Insert into EMP_PREFERENCE_TB (EMPLOYEE_ID,PREFERENCE_ID,VALUE,PRIORITY,TEMP_HARD_CONSTRAINT) values (98,'P_2','21-07-21',3,null);
Insert into EMP_PREFERENCE_TB (EMPLOYEE_ID,PREFERENCE_ID,VALUE,PRIORITY,TEMP_HARD_CONSTRAINT) values (99,'P_2','21-07-21',3,null);
Insert into EMP_PREFERENCE_TB (EMPLOYEE_ID,PREFERENCE_ID,VALUE,PRIORITY,TEMP_HARD_CONSTRAINT) values (100,'P_2','21-07-21',3,null);
Insert into EMP_PREFERENCE_TB (EMPLOYEE_ID,PREFERENCE_ID,VALUE,PRIORITY,TEMP_HARD_CONSTRAINT) values (101,'P_2','21-07-21',3,null);
Insert into EMP_PREFERENCE_TB (EMPLOYEE_ID,PREFERENCE_ID,VALUE,PRIORITY,TEMP_HARD_CONSTRAINT) values (102,'P_2','21-07-21',3,null);
Insert into EMP_PREFERENCE_TB (EMPLOYEE_ID,PREFERENCE_ID,VALUE,PRIORITY,TEMP_HARD_CONSTRAINT) values (103,'P_2','21-07-21',3,null);
Insert into EMP_PREFERENCE_TB (EMPLOYEE_ID,PREFERENCE_ID,VALUE,PRIORITY,TEMP_HARD_CONSTRAINT) values (104,'P_2','21-07-21',3,null);
Insert into EMP_PREFERENCE_TB (EMPLOYEE_ID,PREFERENCE_ID,VALUE,PRIORITY,TEMP_HARD_CONSTRAINT) values (105,'P_2','21-07-21',3,null);
Insert into EMP_PREFERENCE_TB (EMPLOYEE_ID,PREFERENCE_ID,VALUE,PRIORITY,TEMP_HARD_CONSTRAINT) values (106,'P_2','21-07-21',3,null);
Insert into EMP_PREFERENCE_TB (EMPLOYEE_ID,PREFERENCE_ID,VALUE,PRIORITY,TEMP_HARD_CONSTRAINT) values (107,'P_2','21-07-21',3,null);
Insert into EMP_PREFERENCE_TB (EMPLOYEE_ID,PREFERENCE_ID,VALUE,PRIORITY,TEMP_HARD_CONSTRAINT) values (108,'P_4','5',3,null);
Insert into EMP_PREFERENCE_TB (EMPLOYEE_ID,PREFERENCE_ID,VALUE,PRIORITY,TEMP_HARD_CONSTRAINT) values (109,'P_2','21-07-21',3,null);
Insert into EMP_PREFERENCE_TB (EMPLOYEE_ID,PREFERENCE_ID,VALUE,PRIORITY,TEMP_HARD_CONSTRAINT) values (110,'P_2','21-07-21',3,null);
Insert into EMP_PREFERENCE_TB (EMPLOYEE_ID,PREFERENCE_ID,VALUE,PRIORITY,TEMP_HARD_CONSTRAINT) values (1,'P_4','5',1,null);
Insert into EMP_PREFERENCE_TB (EMPLOYEE_ID,PREFERENCE_ID,VALUE,PRIORITY,TEMP_HARD_CONSTRAINT) values (2,'P_4','5',1,null);
Insert into EMP_PREFERENCE_TB (EMPLOYEE_ID,PREFERENCE_ID,VALUE,PRIORITY,TEMP_HARD_CONSTRAINT) values (3,'P_4','5',1,null);
Insert into EMP_PREFERENCE_TB (EMPLOYEE_ID,PREFERENCE_ID,VALUE,PRIORITY,TEMP_HARD_CONSTRAINT) values (4,'P_4','5',1,null);
Insert into EMP_PREFERENCE_TB (EMPLOYEE_ID,PREFERENCE_ID,VALUE,PRIORITY,TEMP_HARD_CONSTRAINT) values (5,'P_4','5',1,null);
Insert into EMP_PREFERENCE_TB (EMPLOYEE_ID,PREFERENCE_ID,VALUE,PRIORITY,TEMP_HARD_CONSTRAINT) values (6,'P_4','5',1,null);
Insert into EMP_PREFERENCE_TB (EMPLOYEE_ID,PREFERENCE_ID,VALUE,PRIORITY,TEMP_HARD_CONSTRAINT) values (7,'P_4','5',1,null);
Insert into EMP_PREFERENCE_TB (EMPLOYEE_ID,PREFERENCE_ID,VALUE,PRIORITY,TEMP_HARD_CONSTRAINT) values (8,'P_4','5',1,null);
Insert into EMP_PREFERENCE_TB (EMPLOYEE_ID,PREFERENCE_ID,VALUE,PRIORITY,TEMP_HARD_CONSTRAINT) values (9,'P_4','5',1,null);
Insert into EMP_PREFERENCE_TB (EMPLOYEE_ID,PREFERENCE_ID,VALUE,PRIORITY,TEMP_HARD_CONSTRAINT) values (10,'P_4','5',1,null);
Insert into EMP_PREFERENCE_TB (EMPLOYEE_ID,PREFERENCE_ID,VALUE,PRIORITY,TEMP_HARD_CONSTRAINT) values (11,'P_4','5',1,null);
Insert into EMP_PREFERENCE_TB (EMPLOYEE_ID,PREFERENCE_ID,VALUE,PRIORITY,TEMP_HARD_CONSTRAINT) values (12,'P_4','5',1,null);
Insert into EMP_PREFERENCE_TB (EMPLOYEE_ID,PREFERENCE_ID,VALUE,PRIORITY,TEMP_HARD_CONSTRAINT) values (13,'P_4','5',1,null);
Insert into EMP_PREFERENCE_TB (EMPLOYEE_ID,PREFERENCE_ID,VALUE,PRIORITY,TEMP_HARD_CONSTRAINT) values (14,'P_4','5',1,null);
Insert into EMP_PREFERENCE_TB (EMPLOYEE_ID,PREFERENCE_ID,VALUE,PRIORITY,TEMP_HARD_CONSTRAINT) values (15,'P_4','5',1,null);
Insert into EMP_PREFERENCE_TB (EMPLOYEE_ID,PREFERENCE_ID,VALUE,PRIORITY,TEMP_HARD_CONSTRAINT) values (16,'P_4','5',1,null);
Insert into EMP_PREFERENCE_TB (EMPLOYEE_ID,PREFERENCE_ID,VALUE,PRIORITY,TEMP_HARD_CONSTRAINT) values (17,'P_4','5',1,null);
Insert into EMP_PREFERENCE_TB (EMPLOYEE_ID,PREFERENCE_ID,VALUE,PRIORITY,TEMP_HARD_CONSTRAINT) values (18,'P_4','5',1,null);
Insert into EMP_PREFERENCE_TB (EMPLOYEE_ID,PREFERENCE_ID,VALUE,PRIORITY,TEMP_HARD_CONSTRAINT) values (19,'P_4','5',1,null);
Insert into EMP_PREFERENCE_TB (EMPLOYEE_ID,PREFERENCE_ID,VALUE,PRIORITY,TEMP_HARD_CONSTRAINT) values (20,'P_4','5',1,null);
Insert into EMP_PREFERENCE_TB (EMPLOYEE_ID,PREFERENCE_ID,VALUE,PRIORITY,TEMP_HARD_CONSTRAINT) values (21,'P_4','5',1,null);
Insert into EMP_PREFERENCE_TB (EMPLOYEE_ID,PREFERENCE_ID,VALUE,PRIORITY,TEMP_HARD_CONSTRAINT) values (22,'P_4','5',1,null);
Insert into EMP_PREFERENCE_TB (EMPLOYEE_ID,PREFERENCE_ID,VALUE,PRIORITY,TEMP_HARD_CONSTRAINT) values (23,'P_4','5',1,null);
Insert into EMP_PREFERENCE_TB (EMPLOYEE_ID,PREFERENCE_ID,VALUE,PRIORITY,TEMP_HARD_CONSTRAINT) values (24,'P_4','5',1,null);
Insert into EMP_PREFERENCE_TB (EMPLOYEE_ID,PREFERENCE_ID,VALUE,PRIORITY,TEMP_HARD_CONSTRAINT) values (25,'P_4','5',1,null);
Insert into EMP_PREFERENCE_TB (EMPLOYEE_ID,PREFERENCE_ID,VALUE,PRIORITY,TEMP_HARD_CONSTRAINT) values (26,'P_4','5',2,null);
Insert into EMP_PREFERENCE_TB (EMPLOYEE_ID,PREFERENCE_ID,VALUE,PRIORITY,TEMP_HARD_CONSTRAINT) values (27,'P_4','5',2,null);
Insert into EMP_PREFERENCE_TB (EMPLOYEE_ID,PREFERENCE_ID,VALUE,PRIORITY,TEMP_HARD_CONSTRAINT) values (28,'P_4','5',2,null);
Insert into EMP_PREFERENCE_TB (EMPLOYEE_ID,PREFERENCE_ID,VALUE,PRIORITY,TEMP_HARD_CONSTRAINT) values (29,'P_4','5',2,null);
Insert into EMP_PREFERENCE_TB (EMPLOYEE_ID,PREFERENCE_ID,VALUE,PRIORITY,TEMP_HARD_CONSTRAINT) values (30,'P_4','5',2,null);
Insert into EMP_PREFERENCE_TB (EMPLOYEE_ID,PREFERENCE_ID,VALUE,PRIORITY,TEMP_HARD_CONSTRAINT) values (31,'P_4','5',2,null);
Insert into EMP_PREFERENCE_TB (EMPLOYEE_ID,PREFERENCE_ID,VALUE,PRIORITY,TEMP_HARD_CONSTRAINT) values (32,'P_4','5',2,null);
Insert into EMP_PREFERENCE_TB (EMPLOYEE_ID,PREFERENCE_ID,VALUE,PRIORITY,TEMP_HARD_CONSTRAINT) values (33,'P_4','5',2,null);
Insert into EMP_PREFERENCE_TB (EMPLOYEE_ID,PREFERENCE_ID,VALUE,PRIORITY,TEMP_HARD_CONSTRAINT) values (34,'P_4','5',2,null);
Insert into EMP_PREFERENCE_TB (EMPLOYEE_ID,PREFERENCE_ID,VALUE,PRIORITY,TEMP_HARD_CONSTRAINT) values (35,'P_4','5',2,null);
Insert into EMP_PREFERENCE_TB (EMPLOYEE_ID,PREFERENCE_ID,VALUE,PRIORITY,TEMP_HARD_CONSTRAINT) values (36,'P_4','5',2,null);
Insert into EMP_PREFERENCE_TB (EMPLOYEE_ID,PREFERENCE_ID,VALUE,PRIORITY,TEMP_HARD_CONSTRAINT) values (37,'P_4','5',2,null);
Insert into EMP_PREFERENCE_TB (EMPLOYEE_ID,PREFERENCE_ID,VALUE,PRIORITY,TEMP_HARD_CONSTRAINT) values (38,'P_4','5',2,null);
Insert into EMP_PREFERENCE_TB (EMPLOYEE_ID,PREFERENCE_ID,VALUE,PRIORITY,TEMP_HARD_CONSTRAINT) values (39,'P_4','5',2,null);
Insert into EMP_PREFERENCE_TB (EMPLOYEE_ID,PREFERENCE_ID,VALUE,PRIORITY,TEMP_HARD_CONSTRAINT) values (40,'P_4','5',2,null);
Insert into EMP_PREFERENCE_TB (EMPLOYEE_ID,PREFERENCE_ID,VALUE,PRIORITY,TEMP_HARD_CONSTRAINT) values (41,'P_4','5',2,null);
Insert into EMP_PREFERENCE_TB (EMPLOYEE_ID,PREFERENCE_ID,VALUE,PRIORITY,TEMP_HARD_CONSTRAINT) values (42,'P_4','5',2,null);
Insert into EMP_PREFERENCE_TB (EMPLOYEE_ID,PREFERENCE_ID,VALUE,PRIORITY,TEMP_HARD_CONSTRAINT) values (43,'P_4','5',2,null);
Insert into EMP_PREFERENCE_TB (EMPLOYEE_ID,PREFERENCE_ID,VALUE,PRIORITY,TEMP_HARD_CONSTRAINT) values (44,'P_4','5',2,null);
Insert into EMP_PREFERENCE_TB (EMPLOYEE_ID,PREFERENCE_ID,VALUE,PRIORITY,TEMP_HARD_CONSTRAINT) values (45,'P_4','5',2,null);
Insert into EMP_PREFERENCE_TB (EMPLOYEE_ID,PREFERENCE_ID,VALUE,PRIORITY,TEMP_HARD_CONSTRAINT) values (46,'P_4','5',2,null);
Insert into EMP_PREFERENCE_TB (EMPLOYEE_ID,PREFERENCE_ID,VALUE,PRIORITY,TEMP_HARD_CONSTRAINT) values (47,'P_4','5',2,null);
Insert into EMP_PREFERENCE_TB (EMPLOYEE_ID,PREFERENCE_ID,VALUE,PRIORITY,TEMP_HARD_CONSTRAINT) values (48,'P_4','5',2,null);
Insert into EMP_PREFERENCE_TB (EMPLOYEE_ID,PREFERENCE_ID,VALUE,PRIORITY,TEMP_HARD_CONSTRAINT) values (49,'P_4','5',2,null);
Insert into EMP_PREFERENCE_TB (EMPLOYEE_ID,PREFERENCE_ID,VALUE,PRIORITY,TEMP_HARD_CONSTRAINT) values (50,'P_4','5',2,null);
Insert into EMP_PREFERENCE_TB (EMPLOYEE_ID,PREFERENCE_ID,VALUE,PRIORITY,TEMP_HARD_CONSTRAINT) values (51,'P_4','5',2,null);
Insert into EMP_PREFERENCE_TB (EMPLOYEE_ID,PREFERENCE_ID,VALUE,PRIORITY,TEMP_HARD_CONSTRAINT) values (52,'P_4','5',2,null);
Insert into EMP_PREFERENCE_TB (EMPLOYEE_ID,PREFERENCE_ID,VALUE,PRIORITY,TEMP_HARD_CONSTRAINT) values (53,'P_4','5',2,null);
Insert into EMP_PREFERENCE_TB (EMPLOYEE_ID,PREFERENCE_ID,VALUE,PRIORITY,TEMP_HARD_CONSTRAINT) values (54,'P_4','5',2,null);
Insert into EMP_PREFERENCE_TB (EMPLOYEE_ID,PREFERENCE_ID,VALUE,PRIORITY,TEMP_HARD_CONSTRAINT) values (55,'P_4','5',2,null);
Insert into EMP_PREFERENCE_TB (EMPLOYEE_ID,PREFERENCE_ID,VALUE,PRIORITY,TEMP_HARD_CONSTRAINT) values (56,'P_4','5',2,null);
Insert into EMP_PREFERENCE_TB (EMPLOYEE_ID,PREFERENCE_ID,VALUE,PRIORITY,TEMP_HARD_CONSTRAINT) values (57,'P_4','5',2,null);
Insert into EMP_PREFERENCE_TB (EMPLOYEE_ID,PREFERENCE_ID,VALUE,PRIORITY,TEMP_HARD_CONSTRAINT) values (58,'P_4','5',2,null);
Insert into EMP_PREFERENCE_TB (EMPLOYEE_ID,PREFERENCE_ID,VALUE,PRIORITY,TEMP_HARD_CONSTRAINT) values (59,'P_4','5',2,null);
Insert into EMP_PREFERENCE_TB (EMPLOYEE_ID,PREFERENCE_ID,VALUE,PRIORITY,TEMP_HARD_CONSTRAINT) values (60,'P_4','5',2,null);
Insert into EMP_PREFERENCE_TB (EMPLOYEE_ID,PREFERENCE_ID,VALUE,PRIORITY,TEMP_HARD_CONSTRAINT) values (61,'P_4','5',2,null);
Insert into EMP_PREFERENCE_TB (EMPLOYEE_ID,PREFERENCE_ID,VALUE,PRIORITY,TEMP_HARD_CONSTRAINT) values (62,'P_4','5',2,null);
Insert into EMP_PREFERENCE_TB (EMPLOYEE_ID,PREFERENCE_ID,VALUE,PRIORITY,TEMP_HARD_CONSTRAINT) values (63,'P_4','5',2,null);
Insert into EMP_PREFERENCE_TB (EMPLOYEE_ID,PREFERENCE_ID,VALUE,PRIORITY,TEMP_HARD_CONSTRAINT) values (64,'P_4','5',2,null);
Insert into EMP_PREFERENCE_TB (EMPLOYEE_ID,PREFERENCE_ID,VALUE,PRIORITY,TEMP_HARD_CONSTRAINT) values (65,'P_4','5',2,null);
Insert into EMP_PREFERENCE_TB (EMPLOYEE_ID,PREFERENCE_ID,VALUE,PRIORITY,TEMP_HARD_CONSTRAINT) values (66,'P_4','5',2,null);
Insert into EMP_PREFERENCE_TB (EMPLOYEE_ID,PREFERENCE_ID,VALUE,PRIORITY,TEMP_HARD_CONSTRAINT) values (67,'P_4','5',2,null);
Insert into EMP_PREFERENCE_TB (EMPLOYEE_ID,PREFERENCE_ID,VALUE,PRIORITY,TEMP_HARD_CONSTRAINT) values (68,'P_4','5',2,null);
Insert into EMP_PREFERENCE_TB (EMPLOYEE_ID,PREFERENCE_ID,VALUE,PRIORITY,TEMP_HARD_CONSTRAINT) values (69,'P_4','5',2,null);
Insert into EMP_PREFERENCE_TB (EMPLOYEE_ID,PREFERENCE_ID,VALUE,PRIORITY,TEMP_HARD_CONSTRAINT) values (70,'P_4','5',2,null);
Insert into EMP_PREFERENCE_TB (EMPLOYEE_ID,PREFERENCE_ID,VALUE,PRIORITY,TEMP_HARD_CONSTRAINT) values (71,'P_4','5',2,null);
Insert into EMP_PREFERENCE_TB (EMPLOYEE_ID,PREFERENCE_ID,VALUE,PRIORITY,TEMP_HARD_CONSTRAINT) values (72,'P_4','5',2,null);
Insert into EMP_PREFERENCE_TB (EMPLOYEE_ID,PREFERENCE_ID,VALUE,PRIORITY,TEMP_HARD_CONSTRAINT) values (73,'P_4','5',2,null);
Insert into EMP_PREFERENCE_TB (EMPLOYEE_ID,PREFERENCE_ID,VALUE,PRIORITY,TEMP_HARD_CONSTRAINT) values (74,'P_4','5',2,null);
Insert into EMP_PREFERENCE_TB (EMPLOYEE_ID,PREFERENCE_ID,VALUE,PRIORITY,TEMP_HARD_CONSTRAINT) values (75,'P_4','5',2,null);
Insert into EMP_PREFERENCE_TB (EMPLOYEE_ID,PREFERENCE_ID,VALUE,PRIORITY,TEMP_HARD_CONSTRAINT) values (76,'P_4','5',2,null);
Insert into EMP_PREFERENCE_TB (EMPLOYEE_ID,PREFERENCE_ID,VALUE,PRIORITY,TEMP_HARD_CONSTRAINT) values (77,'P_4','5',2,null);
Insert into EMP_PREFERENCE_TB (EMPLOYEE_ID,PREFERENCE_ID,VALUE,PRIORITY,TEMP_HARD_CONSTRAINT) values (78,'P_4','5',2,null);
Insert into EMP_PREFERENCE_TB (EMPLOYEE_ID,PREFERENCE_ID,VALUE,PRIORITY,TEMP_HARD_CONSTRAINT) values (79,'P_4','5',2,null);
Insert into EMP_PREFERENCE_TB (EMPLOYEE_ID,PREFERENCE_ID,VALUE,PRIORITY,TEMP_HARD_CONSTRAINT) values (80,'P_4','5',2,null);
Insert into EMP_PREFERENCE_TB (EMPLOYEE_ID,PREFERENCE_ID,VALUE,PRIORITY,TEMP_HARD_CONSTRAINT) values (81,'P_4','5',3,null);
Insert into EMP_PREFERENCE_TB (EMPLOYEE_ID,PREFERENCE_ID,VALUE,PRIORITY,TEMP_HARD_CONSTRAINT) values (82,'P_4','5',3,null);
Insert into EMP_PREFERENCE_TB (EMPLOYEE_ID,PREFERENCE_ID,VALUE,PRIORITY,TEMP_HARD_CONSTRAINT) values (83,'P_4','5',3,null);
Insert into EMP_PREFERENCE_TB (EMPLOYEE_ID,PREFERENCE_ID,VALUE,PRIORITY,TEMP_HARD_CONSTRAINT) values (84,'P_4','5',3,null);
Insert into EMP_PREFERENCE_TB (EMPLOYEE_ID,PREFERENCE_ID,VALUE,PRIORITY,TEMP_HARD_CONSTRAINT) values (85,'P_4','5',3,null);
Insert into EMP_PREFERENCE_TB (EMPLOYEE_ID,PREFERENCE_ID,VALUE,PRIORITY,TEMP_HARD_CONSTRAINT) values (86,'P_4','5',3,null);
Insert into EMP_PREFERENCE_TB (EMPLOYEE_ID,PREFERENCE_ID,VALUE,PRIORITY,TEMP_HARD_CONSTRAINT) values (87,'P_4','5',3,null);
Insert into EMP_PREFERENCE_TB (EMPLOYEE_ID,PREFERENCE_ID,VALUE,PRIORITY,TEMP_HARD_CONSTRAINT) values (88,'P_4','5',3,null);
Insert into EMP_PREFERENCE_TB (EMPLOYEE_ID,PREFERENCE_ID,VALUE,PRIORITY,TEMP_HARD_CONSTRAINT) values (89,'P_4','5',3,null);
Insert into EMP_PREFERENCE_TB (EMPLOYEE_ID,PREFERENCE_ID,VALUE,PRIORITY,TEMP_HARD_CONSTRAINT) values (90,'P_4','5',3,null);
Insert into EMP_PREFERENCE_TB (EMPLOYEE_ID,PREFERENCE_ID,VALUE,PRIORITY,TEMP_HARD_CONSTRAINT) values (91,'P_4','5',3,null);
Insert into EMP_PREFERENCE_TB (EMPLOYEE_ID,PREFERENCE_ID,VALUE,PRIORITY,TEMP_HARD_CONSTRAINT) values (92,'P_4','5',3,null);
Insert into EMP_PREFERENCE_TB (EMPLOYEE_ID,PREFERENCE_ID,VALUE,PRIORITY,TEMP_HARD_CONSTRAINT) values (93,'P_4','5',3,null);
Insert into EMP_PREFERENCE_TB (EMPLOYEE_ID,PREFERENCE_ID,VALUE,PRIORITY,TEMP_HARD_CONSTRAINT) values (94,'P_4','5',3,null);
Insert into EMP_PREFERENCE_TB (EMPLOYEE_ID,PREFERENCE_ID,VALUE,PRIORITY,TEMP_HARD_CONSTRAINT) values (95,'P_4','5',3,null);
Insert into EMP_PREFERENCE_TB (EMPLOYEE_ID,PREFERENCE_ID,VALUE,PRIORITY,TEMP_HARD_CONSTRAINT) values (96,'P_4','5',3,null);
Insert into EMP_PREFERENCE_TB (EMPLOYEE_ID,PREFERENCE_ID,VALUE,PRIORITY,TEMP_HARD_CONSTRAINT) values (97,'P_4','5',3,null);
Insert into EMP_PREFERENCE_TB (EMPLOYEE_ID,PREFERENCE_ID,VALUE,PRIORITY,TEMP_HARD_CONSTRAINT) values (98,'P_4','5',3,null);
Insert into EMP_PREFERENCE_TB (EMPLOYEE_ID,PREFERENCE_ID,VALUE,PRIORITY,TEMP_HARD_CONSTRAINT) values (99,'P_4','5',3,null);
Insert into EMP_PREFERENCE_TB (EMPLOYEE_ID,PREFERENCE_ID,VALUE,PRIORITY,TEMP_HARD_CONSTRAINT) values (100,'P_4','5',3,null);
Insert into EMP_PREFERENCE_TB (EMPLOYEE_ID,PREFERENCE_ID,VALUE,PRIORITY,TEMP_HARD_CONSTRAINT) values (101,'P_4','5',3,null);
Insert into EMP_PREFERENCE_TB (EMPLOYEE_ID,PREFERENCE_ID,VALUE,PRIORITY,TEMP_HARD_CONSTRAINT) values (102,'P_4','5',3,null);
Insert into EMP_PREFERENCE_TB (EMPLOYEE_ID,PREFERENCE_ID,VALUE,PRIORITY,TEMP_HARD_CONSTRAINT) values (103,'P_4','5',3,null);
Insert into EMP_PREFERENCE_TB (EMPLOYEE_ID,PREFERENCE_ID,VALUE,PRIORITY,TEMP_HARD_CONSTRAINT) values (104,'P_4','5',3,null);
Insert into EMP_PREFERENCE_TB (EMPLOYEE_ID,PREFERENCE_ID,VALUE,PRIORITY,TEMP_HARD_CONSTRAINT) values (105,'P_4','5',3,null);
Insert into EMP_PREFERENCE_TB (EMPLOYEE_ID,PREFERENCE_ID,VALUE,PRIORITY,TEMP_HARD_CONSTRAINT) values (106,'P_4','5',3,null);
Insert into EMP_PREFERENCE_TB (EMPLOYEE_ID,PREFERENCE_ID,VALUE,PRIORITY,TEMP_HARD_CONSTRAINT) values (107,'P_4','5',3,null);
Insert into EMP_PREFERENCE_TB (EMPLOYEE_ID,PREFERENCE_ID,VALUE,PRIORITY,TEMP_HARD_CONSTRAINT) values (109,'P_4','5',3,null);
Insert into EMP_PREFERENCE_TB (EMPLOYEE_ID,PREFERENCE_ID,VALUE,PRIORITY,TEMP_HARD_CONSTRAINT) values (110,'P_4','5',3,null);



REM INSERTING into EMPLOYEE_TB
SET DEFINE OFF;
Insert into EMPLOYEE_TB (EMPLOYEE_ID,NAME,SKILL,HOURLY_RATE) values (1,'AA','Kitchen',10);
Insert into EMPLOYEE_TB (EMPLOYEE_ID,NAME,SKILL,HOURLY_RATE) values (2,'BA','Kitchen',10);
Insert into EMPLOYEE_TB (EMPLOYEE_ID,NAME,SKILL,HOURLY_RATE) values (3,'CA','Kitchen',10);
Insert into EMPLOYEE_TB (EMPLOYEE_ID,NAME,SKILL,HOURLY_RATE) values (4,'DA','Kitchen',11);
Insert into EMPLOYEE_TB (EMPLOYEE_ID,NAME,SKILL,HOURLY_RATE) values (5,'EA','Kitchen',11);
Insert into EMPLOYEE_TB (EMPLOYEE_ID,NAME,SKILL,HOURLY_RATE) values (6,'FA','Kitchen',11);
Insert into EMPLOYEE_TB (EMPLOYEE_ID,NAME,SKILL,HOURLY_RATE) values (7,'GA','Kitchen',12);
Insert into EMPLOYEE_TB (EMPLOYEE_ID,NAME,SKILL,HOURLY_RATE) values (8,'HA','Kitchen',12);
Insert into EMPLOYEE_TB (EMPLOYEE_ID,NAME,SKILL,HOURLY_RATE) values (9,'IA','Kitchen',12);
Insert into EMPLOYEE_TB (EMPLOYEE_ID,NAME,SKILL,HOURLY_RATE) values (10,'JA','Kitchen',13);
Insert into EMPLOYEE_TB (EMPLOYEE_ID,NAME,SKILL,HOURLY_RATE) values (11,'KA','Kitchen',13);
Insert into EMPLOYEE_TB (EMPLOYEE_ID,NAME,SKILL,HOURLY_RATE) values (12,'LA','Kitchen',13);
Insert into EMPLOYEE_TB (EMPLOYEE_ID,NAME,SKILL,HOURLY_RATE) values (13,'MA','Kitchen',13.5454545454546);
Insert into EMPLOYEE_TB (EMPLOYEE_ID,NAME,SKILL,HOURLY_RATE) values (14,'NA','Kitchen',13.8601398601399);
Insert into EMPLOYEE_TB (EMPLOYEE_ID,NAME,SKILL,HOURLY_RATE) values (15,'OA','Kitchen',14.1748251748252);
Insert into EMPLOYEE_TB (EMPLOYEE_ID,NAME,SKILL,HOURLY_RATE) values (16,'PA','Kitchen',14.4895104895105);
Insert into EMPLOYEE_TB (EMPLOYEE_ID,NAME,SKILL,HOURLY_RATE) values (17,'QA','Kitchen',14.8041958041958);
Insert into EMPLOYEE_TB (EMPLOYEE_ID,NAME,SKILL,HOURLY_RATE) values (18,'RA','Kitchen',15.1188811188811);
Insert into EMPLOYEE_TB (EMPLOYEE_ID,NAME,SKILL,HOURLY_RATE) values (19,'SA','Kitchen',15.4335664335664);
Insert into EMPLOYEE_TB (EMPLOYEE_ID,NAME,SKILL,HOURLY_RATE) values (20,'TA','Kitchen',15.7482517482518);
Insert into EMPLOYEE_TB (EMPLOYEE_ID,NAME,SKILL,HOURLY_RATE) values (46,'TB','Counter',23.93006993007);
Insert into EMPLOYEE_TB (EMPLOYEE_ID,NAME,SKILL,HOURLY_RATE) values (47,'UB','Counter',24.2447552447553);
Insert into EMPLOYEE_TB (EMPLOYEE_ID,NAME,SKILL,HOURLY_RATE) values (48,'VB','Counter',24.5594405594406);
Insert into EMPLOYEE_TB (EMPLOYEE_ID,NAME,SKILL,HOURLY_RATE) values (49,'WB','Counter',24.8741258741259);
Insert into EMPLOYEE_TB (EMPLOYEE_ID,NAME,SKILL,HOURLY_RATE) values (50,'XB','Counter',25.1888111888112);
Insert into EMPLOYEE_TB (EMPLOYEE_ID,NAME,SKILL,HOURLY_RATE) values (51,'YB','Counter',25.5034965034966);
Insert into EMPLOYEE_TB (EMPLOYEE_ID,NAME,SKILL,HOURLY_RATE) values (52,'ZB','Counter',25.8181818181819);
Insert into EMPLOYEE_TB (EMPLOYEE_ID,NAME,SKILL,HOURLY_RATE) values (53,'AC','Counter',26.1328671328672);
Insert into EMPLOYEE_TB (EMPLOYEE_ID,NAME,SKILL,HOURLY_RATE) values (54,'BC','Counter',26.4475524475525);
Insert into EMPLOYEE_TB (EMPLOYEE_ID,NAME,SKILL,HOURLY_RATE) values (55,'CC','Counter',26.7622377622378);
Insert into EMPLOYEE_TB (EMPLOYEE_ID,NAME,SKILL,HOURLY_RATE) values (56,'DC','Counter',27.0769230769231);
Insert into EMPLOYEE_TB (EMPLOYEE_ID,NAME,SKILL,HOURLY_RATE) values (57,'EC','Counter',27.3916083916085);
Insert into EMPLOYEE_TB (EMPLOYEE_ID,NAME,SKILL,HOURLY_RATE) values (58,'FC','Counter',27.7062937062938);
Insert into EMPLOYEE_TB (EMPLOYEE_ID,NAME,SKILL,HOURLY_RATE) values (59,'GC','Counter',28.0209790209791);
Insert into EMPLOYEE_TB (EMPLOYEE_ID,NAME,SKILL,HOURLY_RATE) values (76,'XC','Cleaning',33.3706293706294);
Insert into EMPLOYEE_TB (EMPLOYEE_ID,NAME,SKILL,HOURLY_RATE) values (77,'YC','Cleaning',33.6853146853148);
Insert into EMPLOYEE_TB (EMPLOYEE_ID,NAME,SKILL,HOURLY_RATE) values (78,'ZC','Cleaning',34.0000000000001);
Insert into EMPLOYEE_TB (EMPLOYEE_ID,NAME,SKILL,HOURLY_RATE) values (79,'AD','Cleaning',34.3146853146854);
Insert into EMPLOYEE_TB (EMPLOYEE_ID,NAME,SKILL,HOURLY_RATE) values (80,'BD','Cleaning',34.6293706293707);
Insert into EMPLOYEE_TB (EMPLOYEE_ID,NAME,SKILL,HOURLY_RATE) values (81,'CD','Cleaning',34.944055944056);
Insert into EMPLOYEE_TB (EMPLOYEE_ID,NAME,SKILL,HOURLY_RATE) values (82,'DD','Cleaning',35.2587412587413);
Insert into EMPLOYEE_TB (EMPLOYEE_ID,NAME,SKILL,HOURLY_RATE) values (83,'ED','Cleaning',35.5734265734267);
Insert into EMPLOYEE_TB (EMPLOYEE_ID,NAME,SKILL,HOURLY_RATE) values (84,'FD','Cleaning',35.888111888112);
Insert into EMPLOYEE_TB (EMPLOYEE_ID,NAME,SKILL,HOURLY_RATE) values (85,'GD','Cleaning',36.2027972027973);
Insert into EMPLOYEE_TB (EMPLOYEE_ID,NAME,SKILL,HOURLY_RATE) values (86,'HD','Cleaning',36.5174825174826);
Insert into EMPLOYEE_TB (EMPLOYEE_ID,NAME,SKILL,HOURLY_RATE) values (87,'ID','Cleaning',36.8321678321679);
Insert into EMPLOYEE_TB (EMPLOYEE_ID,NAME,SKILL,HOURLY_RATE) values (88,'JD','Cleaning',37.1468531468532);
Insert into EMPLOYEE_TB (EMPLOYEE_ID,NAME,SKILL,HOURLY_RATE) values (89,'KD','Cleaning',37.4615384615385);


REM INSERTING into FAIRNESS_BANK_TB
SET DEFINE OFF;
Insert into FAIRNESS_BANK_TB (EMPLOYEE_ID,VIOLATIONS) values (1,0);
Insert into FAIRNESS_BANK_TB (EMPLOYEE_ID,VIOLATIONS) values (2,0);
Insert into FAIRNESS_BANK_TB (EMPLOYEE_ID,VIOLATIONS) values (3,0);
Insert into FAIRNESS_BANK_TB (EMPLOYEE_ID,VIOLATIONS) values (4,23);
Insert into FAIRNESS_BANK_TB (EMPLOYEE_ID,VIOLATIONS) values (5,13);
Insert into FAIRNESS_BANK_TB (EMPLOYEE_ID,VIOLATIONS) values (6,0);
Insert into FAIRNESS_BANK_TB (EMPLOYEE_ID,VIOLATIONS) values (7,0);
Insert into FAIRNESS_BANK_TB (EMPLOYEE_ID,VIOLATIONS) values (8,0);
Insert into FAIRNESS_BANK_TB (EMPLOYEE_ID,VIOLATIONS) values (9,22);
Insert into FAIRNESS_BANK_TB (EMPLOYEE_ID,VIOLATIONS) values (10,17);
Insert into FAIRNESS_BANK_TB (EMPLOYEE_ID,VIOLATIONS) values (11,0);
Insert into FAIRNESS_BANK_TB (EMPLOYEE_ID,VIOLATIONS) values (12,0);
Insert into FAIRNESS_BANK_TB (EMPLOYEE_ID,VIOLATIONS) values (13,0);
Insert into FAIRNESS_BANK_TB (EMPLOYEE_ID,VIOLATIONS) values (14,27);
Insert into FAIRNESS_BANK_TB (EMPLOYEE_ID,VIOLATIONS) values (15,10);
Insert into FAIRNESS_BANK_TB (EMPLOYEE_ID,VIOLATIONS) values (16,0);
Insert into FAIRNESS_BANK_TB (EMPLOYEE_ID,VIOLATIONS) values (17,0);
Insert into FAIRNESS_BANK_TB (EMPLOYEE_ID,VIOLATIONS) values (18,0);
Insert into FAIRNESS_BANK_TB (EMPLOYEE_ID,VIOLATIONS) values (19,23);
Insert into FAIRNESS_BANK_TB (EMPLOYEE_ID,VIOLATIONS) values (20,7);
Insert into FAIRNESS_BANK_TB (EMPLOYEE_ID,VIOLATIONS) values (21,0);
Insert into FAIRNESS_BANK_TB (EMPLOYEE_ID,VIOLATIONS) values (22,0);
Insert into FAIRNESS_BANK_TB (EMPLOYEE_ID,VIOLATIONS) values (23,0);
Insert into FAIRNESS_BANK_TB (EMPLOYEE_ID,VIOLATIONS) values (24,16);
Insert into FAIRNESS_BANK_TB (EMPLOYEE_ID,VIOLATIONS) values (25,7);
Insert into FAIRNESS_BANK_TB (EMPLOYEE_ID,VIOLATIONS) values (26,0);
Insert into FAIRNESS_BANK_TB (EMPLOYEE_ID,VIOLATIONS) values (27,0);
Insert into FAIRNESS_BANK_TB (EMPLOYEE_ID,VIOLATIONS) values (28,0);
Insert into FAIRNESS_BANK_TB (EMPLOYEE_ID,VIOLATIONS) values (29,17);
Insert into FAIRNESS_BANK_TB (EMPLOYEE_ID,VIOLATIONS) values (30,8);
Insert into FAIRNESS_BANK_TB (EMPLOYEE_ID,VIOLATIONS) values (31,0);
Insert into FAIRNESS_BANK_TB (EMPLOYEE_ID,VIOLATIONS) values (32,0);
Insert into FAIRNESS_BANK_TB (EMPLOYEE_ID,VIOLATIONS) values (33,0);
Insert into FAIRNESS_BANK_TB (EMPLOYEE_ID,VIOLATIONS) values (34,0);
Insert into FAIRNESS_BANK_TB (EMPLOYEE_ID,VIOLATIONS) values (35,14);
Insert into FAIRNESS_BANK_TB (EMPLOYEE_ID,VIOLATIONS) values (36,8);
Insert into FAIRNESS_BANK_TB (EMPLOYEE_ID,VIOLATIONS) values (37,0);
Insert into FAIRNESS_BANK_TB (EMPLOYEE_ID,VIOLATIONS) values (38,0);
Insert into FAIRNESS_BANK_TB (EMPLOYEE_ID,VIOLATIONS) values (39,0);
Insert into FAIRNESS_BANK_TB (EMPLOYEE_ID,VIOLATIONS) values (40,12);
Insert into FAIRNESS_BANK_TB (EMPLOYEE_ID,VIOLATIONS) values (41,8);
Insert into FAIRNESS_BANK_TB (EMPLOYEE_ID,VIOLATIONS) values (42,0);
Insert into FAIRNESS_BANK_TB (EMPLOYEE_ID,VIOLATIONS) values (43,0);
Insert into FAIRNESS_BANK_TB (EMPLOYEE_ID,VIOLATIONS) values (44,0);
Insert into FAIRNESS_BANK_TB (EMPLOYEE_ID,VIOLATIONS) values (45,0);
Insert into FAIRNESS_BANK_TB (EMPLOYEE_ID,VIOLATIONS) values (46,25);
Insert into FAIRNESS_BANK_TB (EMPLOYEE_ID,VIOLATIONS) values (47,0);
Insert into FAIRNESS_BANK_TB (EMPLOYEE_ID,VIOLATIONS) values (48,0);
Insert into FAIRNESS_BANK_TB (EMPLOYEE_ID,VIOLATIONS) values (49,0);
Insert into FAIRNESS_BANK_TB (EMPLOYEE_ID,VIOLATIONS) values (50,29);
Insert into FAIRNESS_BANK_TB (EMPLOYEE_ID,VIOLATIONS) values (51,22);
Insert into FAIRNESS_BANK_TB (EMPLOYEE_ID,VIOLATIONS) values (52,0);
Insert into FAIRNESS_BANK_TB (EMPLOYEE_ID,VIOLATIONS) values (53,0);
Insert into FAIRNESS_BANK_TB (EMPLOYEE_ID,VIOLATIONS) values (54,0);
Insert into FAIRNESS_BANK_TB (EMPLOYEE_ID,VIOLATIONS) values (55,24);
Insert into FAIRNESS_BANK_TB (EMPLOYEE_ID,VIOLATIONS) values (56,16);
Insert into FAIRNESS_BANK_TB (EMPLOYEE_ID,VIOLATIONS) values (57,0);
Insert into FAIRNESS_BANK_TB (EMPLOYEE_ID,VIOLATIONS) values (58,0);
Insert into FAIRNESS_BANK_TB (EMPLOYEE_ID,VIOLATIONS) values (59,0);
Insert into FAIRNESS_BANK_TB (EMPLOYEE_ID,VIOLATIONS) values (60,18);
Insert into FAIRNESS_BANK_TB (EMPLOYEE_ID,VIOLATIONS) values (61,10);
Insert into FAIRNESS_BANK_TB (EMPLOYEE_ID,VIOLATIONS) values (62,0);
Insert into FAIRNESS_BANK_TB (EMPLOYEE_ID,VIOLATIONS) values (63,0);
Insert into FAIRNESS_BANK_TB (EMPLOYEE_ID,VIOLATIONS) values (64,0);
Insert into FAIRNESS_BANK_TB (EMPLOYEE_ID,VIOLATIONS) values (65,0);
Insert into FAIRNESS_BANK_TB (EMPLOYEE_ID,VIOLATIONS) values (66,23);
Insert into FAIRNESS_BANK_TB (EMPLOYEE_ID,VIOLATIONS) values (67,14);
Insert into FAIRNESS_BANK_TB (EMPLOYEE_ID,VIOLATIONS) values (68,0);
Insert into FAIRNESS_BANK_TB (EMPLOYEE_ID,VIOLATIONS) values (69,0);
Insert into FAIRNESS_BANK_TB (EMPLOYEE_ID,VIOLATIONS) values (70,0);
Insert into FAIRNESS_BANK_TB (EMPLOYEE_ID,VIOLATIONS) values (71,17);
Insert into FAIRNESS_BANK_TB (EMPLOYEE_ID,VIOLATIONS) values (72,14);
Insert into FAIRNESS_BANK_TB (EMPLOYEE_ID,VIOLATIONS) values (73,0);
Insert into FAIRNESS_BANK_TB (EMPLOYEE_ID,VIOLATIONS) values (74,0);
Insert into FAIRNESS_BANK_TB (EMPLOYEE_ID,VIOLATIONS) values (75,0);
Insert into FAIRNESS_BANK_TB (EMPLOYEE_ID,VIOLATIONS) values (76,17);
Insert into FAIRNESS_BANK_TB (EMPLOYEE_ID,VIOLATIONS) values (77,23);
Insert into FAIRNESS_BANK_TB (EMPLOYEE_ID,VIOLATIONS) values (78,0);
Insert into FAIRNESS_BANK_TB (EMPLOYEE_ID,VIOLATIONS) values (79,0);
Insert into FAIRNESS_BANK_TB (EMPLOYEE_ID,VIOLATIONS) values (80,0);
Insert into FAIRNESS_BANK_TB (EMPLOYEE_ID,VIOLATIONS) values (81,17);
Insert into FAIRNESS_BANK_TB (EMPLOYEE_ID,VIOLATIONS) values (82,25);
Insert into FAIRNESS_BANK_TB (EMPLOYEE_ID,VIOLATIONS) values (83,0);
Insert into FAIRNESS_BANK_TB (EMPLOYEE_ID,VIOLATIONS) values (84,0);
Insert into FAIRNESS_BANK_TB (EMPLOYEE_ID,VIOLATIONS) values (85,0);
Insert into FAIRNESS_BANK_TB (EMPLOYEE_ID,VIOLATIONS) values (86,17);
Insert into FAIRNESS_BANK_TB (EMPLOYEE_ID,VIOLATIONS) values (87,27);
Insert into FAIRNESS_BANK_TB (EMPLOYEE_ID,VIOLATIONS) values (88,0);
Insert into FAIRNESS_BANK_TB (EMPLOYEE_ID,VIOLATIONS) values (89,0);
Insert into FAIRNESS_BANK_TB (EMPLOYEE_ID,VIOLATIONS) values (90,0);
Insert into FAIRNESS_BANK_TB (EMPLOYEE_ID,VIOLATIONS) values (91,12);
Insert into FAIRNESS_BANK_TB (EMPLOYEE_ID,VIOLATIONS) values (92,22);
Insert into FAIRNESS_BANK_TB (EMPLOYEE_ID,VIOLATIONS) values (93,0);
Insert into FAIRNESS_BANK_TB (EMPLOYEE_ID,VIOLATIONS) values (94,0);
Insert into FAIRNESS_BANK_TB (EMPLOYEE_ID,VIOLATIONS) values (95,0);
Insert into FAIRNESS_BANK_TB (EMPLOYEE_ID,VIOLATIONS) values (96,0);
Insert into FAIRNESS_BANK_TB (EMPLOYEE_ID,VIOLATIONS) values (97,10);
Insert into FAIRNESS_BANK_TB (EMPLOYEE_ID,VIOLATIONS) values (98,22);
Insert into FAIRNESS_BANK_TB (EMPLOYEE_ID,VIOLATIONS) values (99,0);
Insert into FAIRNESS_BANK_TB (EMPLOYEE_ID,VIOLATIONS) values (100,0);
Insert into FAIRNESS_BANK_TB (EMPLOYEE_ID,VIOLATIONS) values (101,0);
Insert into FAIRNESS_BANK_TB (EMPLOYEE_ID,VIOLATIONS) values (102,16);
Insert into FAIRNESS_BANK_TB (EMPLOYEE_ID,VIOLATIONS) values (103,20);
Insert into FAIRNESS_BANK_TB (EMPLOYEE_ID,VIOLATIONS) values (104,0);
Insert into FAIRNESS_BANK_TB (EMPLOYEE_ID,VIOLATIONS) values (105,0);
Insert into FAIRNESS_BANK_TB (EMPLOYEE_ID,VIOLATIONS) values (106,0);
Insert into FAIRNESS_BANK_TB (EMPLOYEE_ID,VIOLATIONS) values (107,9);
Insert into FAIRNESS_BANK_TB (EMPLOYEE_ID,VIOLATIONS) values (108,19);
Insert into FAIRNESS_BANK_TB (EMPLOYEE_ID,VIOLATIONS) values (109,0);
Insert into FAIRNESS_BANK_TB (EMPLOYEE_ID,VIOLATIONS) values (110,0);



REM INSERTING into PREFERENCE_TB
SET DEFINE OFF;
Insert into PREFERENCE_TB (PREFERENCE_ID,PREFERENCE_NAME,HARD_CONSTRAINT) values ('P_1','Personal Leave','N');
Insert into PREFERENCE_TB (PREFERENCE_ID,PREFERENCE_NAME,HARD_CONSTRAINT) values ('P_2','Public Holidays','N');
Insert into PREFERENCE_TB (PREFERENCE_ID,PREFERENCE_NAME,HARD_CONSTRAINT) values ('P_3','Weekend Holidays','N');
Insert into PREFERENCE_TB (PREFERENCE_ID,PREFERENCE_NAME,HARD_CONSTRAINT) values ('P_4','Min gap bewteen working shifts','Y');
Insert into PREFERENCE_TB (PREFERENCE_ID,PREFERENCE_NAME,HARD_CONSTRAINT) values ('P_5','Max working hrs in a week','Y');
Insert into PREFERENCE_TB (PREFERENCE_ID,PREFERENCE_NAME,HARD_CONSTRAINT) values ('P_6','Min working hrs in a day','Y');
Insert into PREFERENCE_TB (PREFERENCE_ID,PREFERENCE_NAME,HARD_CONSTRAINT) values ('P_7','Max working hrs in a day','Y');


REM INSERTING into REQUIREMENTS_TB
SET DEFINE OFF;
Insert into REQUIREMENTS_TB (SHIFT_ID,DAY,SHIFT,KITCHEN,COUNTER,CLEANING) values (1,1,1,4,7,10);
Insert into REQUIREMENTS_TB (SHIFT_ID,DAY,SHIFT,KITCHEN,COUNTER,CLEANING) values (2,1,2,6,9,10);
Insert into REQUIREMENTS_TB (SHIFT_ID,DAY,SHIFT,KITCHEN,COUNTER,CLEANING) values (3,1,3,8,10,10);
Insert into REQUIREMENTS_TB (SHIFT_ID,DAY,SHIFT,KITCHEN,COUNTER,CLEANING) values (4,1,4,10,10,10);
Insert into REQUIREMENTS_TB (SHIFT_ID,DAY,SHIFT,KITCHEN,COUNTER,CLEANING) values (5,1,5,10,10,10);
Insert into REQUIREMENTS_TB (SHIFT_ID,DAY,SHIFT,KITCHEN,COUNTER,CLEANING) values (6,1,6,10,10,10);
Insert into REQUIREMENTS_TB (SHIFT_ID,DAY,SHIFT,KITCHEN,COUNTER,CLEANING) values (7,2,1,10,10,10);
Insert into REQUIREMENTS_TB (SHIFT_ID,DAY,SHIFT,KITCHEN,COUNTER,CLEANING) values (8,2,2,10,1,10);
Insert into REQUIREMENTS_TB (SHIFT_ID,DAY,SHIFT,KITCHEN,COUNTER,CLEANING) values (9,2,3,10,3,10);
Insert into REQUIREMENTS_TB (SHIFT_ID,DAY,SHIFT,KITCHEN,COUNTER,CLEANING) values (10,2,4,10,10,6);
Insert into REQUIREMENTS_TB (SHIFT_ID,DAY,SHIFT,KITCHEN,COUNTER,CLEANING) values (11,2,5,10,9,5);
Insert into REQUIREMENTS_TB (SHIFT_ID,DAY,SHIFT,KITCHEN,COUNTER,CLEANING) values (12,2,6,10,8,4);
Insert into REQUIREMENTS_TB (SHIFT_ID,DAY,SHIFT,KITCHEN,COUNTER,CLEANING) values (13,3,1,10,7,3);
Insert into REQUIREMENTS_TB (SHIFT_ID,DAY,SHIFT,KITCHEN,COUNTER,CLEANING) values (14,3,2,7,6,2);
Insert into REQUIREMENTS_TB (SHIFT_ID,DAY,SHIFT,KITCHEN,COUNTER,CLEANING) values (15,3,3,4,5,2);
Insert into REQUIREMENTS_TB (SHIFT_ID,DAY,SHIFT,KITCHEN,COUNTER,CLEANING) values (16,3,4,8,10,4);
Insert into REQUIREMENTS_TB (SHIFT_ID,DAY,SHIFT,KITCHEN,COUNTER,CLEANING) values (17,3,5,10,10,7);
Insert into REQUIREMENTS_TB (SHIFT_ID,DAY,SHIFT,KITCHEN,COUNTER,CLEANING) values (18,3,6,10,10,10);
Insert into REQUIREMENTS_TB (SHIFT_ID,DAY,SHIFT,KITCHEN,COUNTER,CLEANING) values (19,4,1,10,10,10);
Insert into REQUIREMENTS_TB (SHIFT_ID,DAY,SHIFT,KITCHEN,COUNTER,CLEANING) values (20,4,2,4,10,10);
Insert into REQUIREMENTS_TB (SHIFT_ID,DAY,SHIFT,KITCHEN,COUNTER,CLEANING) values (21,4,3,8,10,10);
Insert into REQUIREMENTS_TB (SHIFT_ID,DAY,SHIFT,KITCHEN,COUNTER,CLEANING) values (22,4,4,10,1,10);
Insert into REQUIREMENTS_TB (SHIFT_ID,DAY,SHIFT,KITCHEN,COUNTER,CLEANING) values (23,4,5,10,2,10);
Insert into REQUIREMENTS_TB (SHIFT_ID,DAY,SHIFT,KITCHEN,COUNTER,CLEANING) values (24,4,6,10,3,10);
Insert into REQUIREMENTS_TB (SHIFT_ID,DAY,SHIFT,KITCHEN,COUNTER,CLEANING) values (25,5,1,10,4,10);
Insert into REQUIREMENTS_TB (SHIFT_ID,DAY,SHIFT,KITCHEN,COUNTER,CLEANING) values (26,5,2,6,6,6);
Insert into REQUIREMENTS_TB (SHIFT_ID,DAY,SHIFT,KITCHEN,COUNTER,CLEANING) values (27,5,3,9,9,9);
Insert into REQUIREMENTS_TB (SHIFT_ID,DAY,SHIFT,KITCHEN,COUNTER,CLEANING) values (28,5,4,10,10,10);
Insert into REQUIREMENTS_TB (SHIFT_ID,DAY,SHIFT,KITCHEN,COUNTER,CLEANING) values (29,5,5,8,10,10);
Insert into REQUIREMENTS_TB (SHIFT_ID,DAY,SHIFT,KITCHEN,COUNTER,CLEANING) values (30,5,6,10,6,3);
Insert into REQUIREMENTS_TB (SHIFT_ID,DAY,SHIFT,KITCHEN,COUNTER,CLEANING) values (31,6,1,10,4,10);
Insert into REQUIREMENTS_TB (SHIFT_ID,DAY,SHIFT,KITCHEN,COUNTER,CLEANING) values (32,6,2,10,8,10);
Insert into REQUIREMENTS_TB (SHIFT_ID,DAY,SHIFT,KITCHEN,COUNTER,CLEANING) values (33,6,3,1,2,1);
Insert into REQUIREMENTS_TB (SHIFT_ID,DAY,SHIFT,KITCHEN,COUNTER,CLEANING) values (34,6,4,5,10,10);
Insert into REQUIREMENTS_TB (SHIFT_ID,DAY,SHIFT,KITCHEN,COUNTER,CLEANING) values (35,6,5,8,10,8);
Insert into REQUIREMENTS_TB (SHIFT_ID,DAY,SHIFT,KITCHEN,COUNTER,CLEANING) values (36,6,6,10,4,9);
Insert into REQUIREMENTS_TB (SHIFT_ID,DAY,SHIFT,KITCHEN,COUNTER,CLEANING) values (37,7,1,10,5,10);
Insert into REQUIREMENTS_TB (SHIFT_ID,DAY,SHIFT,KITCHEN,COUNTER,CLEANING) values (38,7,2,10,7,10);
Insert into REQUIREMENTS_TB (SHIFT_ID,DAY,SHIFT,KITCHEN,COUNTER,CLEANING) values (39,7,3,8,10,10);
Insert into REQUIREMENTS_TB (SHIFT_ID,DAY,SHIFT,KITCHEN,COUNTER,CLEANING) values (40,7,4,10,5,10);
Insert into REQUIREMENTS_TB (SHIFT_ID,DAY,SHIFT,KITCHEN,COUNTER,CLEANING) values (41,7,5,10,7,7);
Insert into REQUIREMENTS_TB (SHIFT_ID,DAY,SHIFT,KITCHEN,COUNTER,CLEANING) values (42,7,6,10,10,10);
